{"cameraMode":{"drawMode":0,"name":"Shaded","section":"Shading Mode"},"sceneLighting":true,"audioPlay":false,"sceneViewState":{"m_AlwaysRefresh":false,"showFog":true,"showSkybox":true,"showFlares":true,"showImageEffects":true,"showParticleSystems":true,"showVisualEffectGraphs":true,"m_FxEnabled":true},"in2DMode":false,"pivot":{"x":1.1637961864471436,"y":-0.0025599002838134767,"z":-0.7878972291946411},"rotation":{"x":0.20065300166606904,"y":-0.7460848689079285,"z":0.2580525875091553,"w":0.5801103115081787},"size":3.413317918777466,"orthographic":true}